City_ID,City,Country,Date,Lat,Lng,Max Temp,Humidity,Cloudiness,Wind Speed
0,Plaster Rock,CA,2022-04-23 18:05:42,46.9065,-67.39,41.52,33,2,15.26
1,Kiama,AU,2022-04-23 18:01:49,-34.6833,150.8667,61.0,92,19,4.09
2,Rosita,NI,2022-04-23 18:05:43,13.9268,-84.4032,90.46,45,58,4.61
3,Rikitea,PF,2022-04-23 18:05:43,-23.1203,-134.9692,75.18,74,100,4.99
4,Ushuaia,AR,2022-04-23 18:05:44,-54.8,-68.3,46.06,71,75,9.22
5,Albany,US,2022-04-23 18:02:55,42.6001,-73.9662,59.18,33,56,1.01
6,Scarborough,GB,2022-04-23 18:05:44,54.2797,-0.4044,49.57,86,1,8.01
7,Upernavik,GL,2022-04-23 18:05:45,72.7868,-56.1549,12.79,85,100,11.1
8,Bilibino,RU,2022-04-23 18:05:45,68.0546,166.4372,5.86,96,100,2.95
9,Saint-Philippe,RE,2022-04-23 18:05:45,-21.3585,55.7679,73.22,80,39,11.25
10,Puerto Ayora,EC,2022-04-23 18:05:46,-0.7393,-90.3518,76.96,79,34,9.53
11,Punta Arenas,CL,2022-04-23 18:05:46,-53.15,-70.9167,44.71,93,100,9.22
12,Bambous Virieux,MU,2022-04-23 18:05:47,-20.3428,57.7575,77.25,69,75,17.27
13,Bredasdorp,ZA,2022-04-23 18:05:47,-34.5322,20.0403,58.89,66,79,8.08
14,Samarai,PG,2022-04-23 18:05:48,-10.6167,150.6667,81.73,79,58,9.98
15,New Norfolk,AU,2022-04-23 18:05:48,-42.7826,147.0587,47.71,79,83,2.89
16,Teguise,ES,2022-04-23 18:05:49,29.0605,-13.564,62.82,72,75,9.22
17,Castro,BR,2022-04-23 18:01:15,-24.7911,-50.0119,65.64,86,100,9.64
18,East London,ZA,2022-04-23 18:03:05,-33.0153,27.9116,63.14,92,100,3.76
19,Faanui,PF,2022-04-23 18:05:49,-16.4833,-151.75,80.44,74,99,6.64
20,Saskylakh,RU,2022-04-23 18:05:48,71.9167,114.0833,-12.87,100,83,2.71
21,Praia Da Vitoria,PT,2022-04-23 18:05:50,38.7333,-27.0667,60.76,70,76,15.1
22,Khatanga,RU,2022-04-23 18:05:51,71.9667,102.5,-11.24,100,23,1.95
23,Leisure City,US,2022-04-23 18:05:51,25.4954,-80.4292,84.22,63,20,20.71
24,Port Alfred,ZA,2022-04-23 18:05:51,-33.5906,26.891,59.18,96,100,8.14
25,Victoria,HK,2022-04-23 18:05:47,22.2855,114.1577,78.96,89,9,4.0
26,Actopan,MX,2022-04-23 18:05:52,20.2667,-98.9333,75.38,32,2,5.95
27,Naliya,IN,2022-04-23 18:05:52,23.2667,68.8333,80.8,73,50,9.4
28,Harper,LR,2022-04-23 18:05:53,4.375,-7.7169,82.45,76,98,7.2
29,Guerrero Negro,MX,2022-04-23 18:05:53,27.9769,-114.0611,64.47,53,0,20.65
30,Nikolskoye,RU,2022-04-23 18:05:54,59.7035,30.7861,44.87,76,100,10.11
31,Tambopata,PE,2022-04-23 18:05:54,-12.7333,-69.1833,91.29,55,40,3.44
32,Butaritari,KI,2022-04-23 18:05:55,3.0707,172.7902,81.64,75,53,15.7
33,Dese,ET,2022-04-23 18:05:55,11.1333,39.6333,59.5,66,72,2.51
34,Pevek,RU,2022-04-23 18:05:55,69.7008,170.3133,5.95,98,99,2.48
35,Longyearbyen,SJ,2022-04-23 18:05:56,78.2186,15.6401,21.04,86,75,5.75
36,Carbonear,CA,2022-04-23 18:05:56,47.7332,-53.2148,41.59,92,100,17.25
37,Linfen,CN,2022-04-23 18:05:57,36.0889,111.5189,69.44,37,99,2.62
38,Arraial Do Cabo,BR,2022-04-23 18:05:57,-22.9661,-42.0278,87.66,55,0,14.97
39,Kapaa,US,2022-04-23 18:05:58,22.0752,-159.319,78.78,86,100,14.97
40,Mnogovershinnyy,RU,2022-04-23 18:05:58,53.9353,139.9242,14.4,93,49,1.95
41,Vaini,TO,2022-04-23 18:05:58,-21.2,-175.2,66.36,100,75,0.0
42,Hilo,US,2022-04-23 18:05:59,19.7297,-155.09,84.27,83,100,3.0
43,Winnemucca,US,2022-04-23 18:05:59,40.973,-117.7357,48.25,57,20,6.91
44,Rongcheng,CN,2022-04-23 18:07:00,30.634,117.8517,65.14,91,0,2.86
45,Atuona,PF,2022-04-23 18:07:00,-9.8,-139.0333,79.12,75,19,14.41
46,Dunda,TZ,2022-04-23 18:07:01,-8.1167,34.25,69.76,84,95,2.37
47,Russell,US,2022-04-23 18:07:01,32.3502,-85.1999,80.91,44,0,10.36
48,Yulara,AU,2022-04-23 18:07:02,-25.2406,130.9889,59.13,51,87,10.6
49,Port Elizabeth,ZA,2022-04-23 18:05:47,-33.918,25.5701,62.1,97,75,3.44
50,Severo-Kurilsk,RU,2022-04-23 18:07:02,50.6789,156.125,35.35,98,100,10.98
51,Sioux Lookout,CA,2022-04-23 18:07:03,50.1001,-91.917,35.67,93,100,10.36
52,Massakory,TD,2022-04-23 18:07:03,12.996,15.7293,99.37,19,72,8.19
53,Arman,RU,2022-04-23 18:07:04,59.7,150.1667,22.93,78,100,6.51
54,Awjilah,LY,2022-04-23 18:07:04,29.1081,21.2869,77.18,30,0,22.59
55,Teya,RU,2022-04-23 18:06:21,60.3778,92.6267,22.98,97,100,3.0
56,Busselton,AU,2022-04-23 18:04:08,-33.65,115.3333,58.96,70,17,11.88
57,Teeswater,CA,2022-04-23 18:07:05,43.9959,-81.2865,53.56,70,98,19.51
58,Mar Del Plata,AR,2022-04-23 18:07:05,-38.0023,-57.5575,74.95,50,0,23.02
59,Dikson,RU,2022-04-23 18:07:06,73.5069,80.5464,-5.4,100,98,7.07
60,Airai,TL,2022-04-23 18:07:06,-8.9266,125.4092,58.93,70,21,2.15
61,Ketchikan,US,2022-04-23 18:07:07,55.3422,-131.6461,45.07,81,100,23.02
62,Cayenne,GF,2022-04-23 18:07:07,4.9333,-52.3333,84.24,1,100,8.05
63,Sola,VU,2022-04-23 18:07:08,-13.8833,167.55,82.22,68,99,2.89
64,Iquique,CL,2022-04-23 18:07:08,-20.2208,-70.1431,69.84,69,44,4.92
65,Zunyi,CN,2022-04-23 18:07:09,27.6867,106.9072,64.62,95,95,4.16
66,Chillicothe,US,2022-04-23 18:02:21,39.3331,-82.9824,83.25,33,0,13.8
67,Okhotsk,RU,2022-04-23 18:07:10,59.3833,143.3,17.06,96,24,4.74
68,Antofagasta,CL,2022-04-23 18:06:54,-23.65,-70.4,72.21,49,24,7.85
69,Jamestown,US,2022-04-23 18:07:10,42.097,-79.2353,68.95,42,100,8.05
70,Caravelas,BR,2022-04-23 18:06:29,-17.7125,-39.2481,85.1,62,37,8.9
71,Hobyo,SO,2022-04-23 18:07:11,5.3505,48.5268,84.07,72,49,13.71
72,Dicabisagan,PH,2022-04-23 18:07:11,17.0818,122.4157,76.86,89,20,2.91
73,Lyuban,BY,2022-04-23 18:07:12,52.7985,28.0048,43.52,98,100,2.48
74,Barrow,US,2022-04-23 18:07:12,71.2906,-156.7887,15.82,86,100,0.0
75,Ishigaki,JP,2022-04-23 18:07:12,24.3448,124.1572,78.6,87,41,14.14
76,Tuktoyaktuk,CA,2022-04-23 18:07:13,69.4541,-133.0374,20.03,90,12,12.97
77,Qaanaaq,GL,2022-04-23 18:05:37,77.484,-69.3632,4.98,80,76,5.99
78,Wielun,PL,2022-04-23 18:07:13,51.221,18.5696,47.89,71,74,2.35
79,Avarua,CK,2022-04-23 18:07:14,-21.2078,-159.775,73.45,94,75,4.61
80,Mataura,NZ,2022-04-23 18:07:14,-46.1927,168.8643,51.48,97,100,8.61
81,Pingliang,CN,2022-04-23 18:07:15,35.5392,106.6861,59.7,75,100,6.8
82,Kamenka,RU,2022-04-23 18:07:15,51.3223,42.7678,51.22,58,27,4.41
83,Kodiak,US,2022-04-23 18:07:16,57.79,-152.4072,42.31,81,100,16.11
84,Krasnogvardeyskiy,RU,2022-04-23 18:07:16,57.3793,62.3195,33.12,70,55,5.19
85,Abalak,RU,2022-04-23 18:07:16,58.1286,68.5944,24.8,77,42,1.83
86,Henties Bay,NA,2022-04-23 18:07:17,-22.116,14.2845,60.1,87,18,13.18
87,Belyy Yar,RU,2022-04-23 18:07:17,53.6039,91.3903,28.85,63,40,6.71
88,Mehamn,NO,2022-04-23 18:07:18,71.0357,27.8492,38.34,93,99,16.82
89,Neiafu,TO,2022-04-23 18:08:18,-18.65,-173.9833,75.88,94,75,5.75
90,Hobart,AU,2022-04-23 18:05:59,-42.8794,147.3294,48.06,87,92,9.22
91,Alibag,IN,2022-04-23 18:08:19,18.6411,72.8792,87.87,68,35,4.03
92,Cidreira,BR,2022-04-23 18:07:37,-30.1811,-50.2056,67.5,55,33,14.29
93,Esperance,AU,2022-04-23 18:08:19,-33.8667,121.9,58.53,88,70,11.03
94,Talnakh,RU,2022-04-23 18:08:20,69.4865,88.3972,-3.28,100,99,4.7
95,Pecos,US,2022-04-23 18:08:20,31.4229,-103.4932,82.49,14,0,11.5
96,Bengkulu,ID,2022-04-23 18:08:21,-3.8004,102.2655,76.08,92,100,9.1
97,Sitka,US,2022-04-23 18:07:39,57.0531,-135.33,49.89,57,100,14.97
98,Buin,CL,2022-04-23 18:08:22,-33.7333,-70.75,73.72,29,2,6.4
99,Karratha,AU,2022-04-23 18:08:22,-20.7377,116.8463,80.29,46,5,6.33
100,Kavieng,PG,2022-04-23 18:07:28,-2.5744,150.7967,82.04,75,61,12.77
101,Cabo San Lucas,MX,2022-04-23 18:03:53,22.8909,-109.9124,83.5,62,0,5.75
102,Domoni,KM,2022-04-23 18:08:23,-12.2569,44.5319,79.56,86,100,6.33
103,Waipawa,NZ,2022-04-23 18:08:24,-41.4122,175.5153,46.26,87,15,5.61
104,Itoman,JP,2022-04-23 18:08:24,26.1247,127.6694,77.4,96,75,8.05
105,Lavrentiya,RU,2022-04-23 18:08:25,65.5833,-171.0,16.75,86,17,4.7
106,Bluff,NZ,2022-04-23 18:05:54,-46.6,168.3333,51.8,78,100,20.83
107,Rexburg,US,2022-04-23 18:08:25,43.826,-111.7897,48.18,37,100,6.91
108,Dwarka,IN,2022-04-23 18:08:26,22.2394,68.9678,81.82,75,2,10.96
109,Kirakira,SB,2022-04-23 18:08:26,-10.4544,161.9205,79.36,80,85,3.33
110,Hambantota,LK,2022-04-23 18:08:27,6.1241,81.1185,80.82,80,98,4.61
111,Hermanus,ZA,2022-04-23 18:04:01,-34.4187,19.2345,58.8,64,43,9.01
112,Nantucket,US,2022-04-23 18:08:27,41.2835,-70.0995,55.54,59,0,9.22
113,Tasiilaq,GL,2022-04-23 18:08:28,65.6145,-37.6368,46.56,92,81,4.0
114,Lompoc,US,2022-04-23 18:07:10,34.6391,-120.4579,72.7,51,0,18.41
115,Prince Rupert,CA,2022-04-23 18:05:19,54.3161,-130.3201,42.89,93,100,10.36
116,Balkanabat,TM,2022-04-23 18:08:28,39.5108,54.3671,68.22,51,5,7.49
117,Berdigestyakh,RU,2022-04-23 18:08:29,62.0989,126.6992,16.59,98,100,3.62
118,Iqaluit,CA,2022-04-23 18:08:29,63.7506,-68.5145,9.7,72,11,3.0
119,Nautla,MX,2022-04-23 18:08:30,20.2167,-96.7833,85.01,61,4,16.53
120,Troitsko-Pechorsk,RU,2022-04-23 18:08:30,62.7084,56.1964,35.85,98,100,6.51
121,La Rioja,ES,2022-04-23 18:08:31,42.25,-2.5,42.58,92,100,14.27
122,Dingle,PH,2022-04-23 18:06:32,10.9995,122.6711,76.82,87,52,6.11
123,Thompson,CA,2022-04-23 18:04:27,55.7435,-97.8558,43.99,63,90,8.05
124,Atambua,ID,2022-04-23 18:08:31,-9.1061,124.8925,72.16,85,7,3.8
125,High Level,CA,2022-04-23 18:06:08,58.5169,-117.136,40.3,84,54,6.6
126,Komsomolskiy,UZ,2022-04-23 18:08:32,40.4272,71.7189,68.72,45,56,6.91
127,Lander,US,2022-04-23 18:08:32,42.833,-108.7307,37.98,90,100,6.91
128,Yumen,CN,2022-04-23 18:08:33,40.2833,97.2,55.15,21,49,0.76
129,Mitu,CO,2022-04-23 18:08:33,1.1983,-70.1733,92.25,45,88,3.65
130,Salalah,OM,2022-04-23 18:05:00,17.0151,54.0924,84.29,79,20,5.75
131,Sao Felix Do Xingu,BR,2022-04-23 18:08:34,-6.6447,-51.995,89.29,54,100,3.4
132,Huangnihe,CN,2022-04-23 18:08:34,43.5583,128.0239,48.65,61,29,12.28
133,Makinsk,KZ,2022-04-23 18:06:33,52.6292,70.4169,28.96,43,1,10.96
134,Vernon,CA,2022-04-23 18:06:53,50.2581,-119.2691,59.61,52,99,0.11
135,Kaitangata,NZ,2022-04-23 18:09:35,-46.2817,169.8464,51.08,91,100,10.02
136,Tieling,CN,2022-04-23 18:09:36,42.2931,123.8414,56.82,42,77,0.81
137,Catuday,PH,2022-04-23 18:09:36,16.2923,119.8062,81.0,77,7,7.74
138,Bellinzona,CH,2022-04-23 18:09:36,46.1928,9.017,54.64,100,75,1.14
139,Coahuayana,MX,2022-04-23 18:09:37,18.7333,-103.6833,90.34,33,3,7.38
140,Hamilton,US,2022-04-23 18:05:06,39.1834,-84.5333,83.5,44,0,16.11
141,Yellowknife,CA,2022-04-23 18:07:35,62.456,-114.3525,19.56,62,93,5.99
142,Lopukhiv,UA,2022-04-23 18:09:38,48.3653,23.9638,44.53,99,99,1.66
143,Gaoual,GN,2022-04-23 18:09:38,11.75,-13.2,105.35,12,72,8.52
144,Constitucion,CL,2022-04-23 18:09:39,-35.3333,-72.4167,59.41,79,100,5.79
145,Zandvoort,NL,2022-04-23 18:09:39,52.3749,4.5341,62.94,45,0,16.11
146,Itarema,BR,2022-04-23 18:06:38,-2.9248,-39.9167,74.5,96,97,8.12
147,Coruripe,BR,2022-04-23 18:08:06,-10.1256,-36.1756,84.56,64,83,10.13
148,Aromashevo,RU,2022-04-23 18:09:40,56.8602,68.6375,28.67,57,15,0.29
149,Marzuq,YE,2022-04-23 18:09:40,14.4,46.4667,72.05,60,40,7.2
150,Cherskiy,RU,2022-04-23 18:09:41,68.75,161.3,11.37,97,98,2.35
151,Lorengau,PG,2022-04-23 18:09:41,-2.0226,147.2712,80.44,82,90,7.76
152,Provideniya,RU,2022-04-23 18:05:31,64.3833,-173.3,25.14,68,15,3.22
153,Bambanglipuro,ID,2022-04-23 18:09:42,-7.95,110.2833,78.01,89,98,2.15
154,Bay Roberts,CA,2022-04-23 18:09:42,47.5999,-53.2648,41.5,91,100,17.05
155,Narsaq,GL,2022-04-23 18:09:43,60.9167,-46.05,46.62,95,100,5.06
156,Pompeia,BR,2022-04-23 18:09:43,-22.1086,-50.1717,74.43,67,93,7.31
157,Vestmannaeyjar,IS,2022-04-23 18:07:48,63.4427,-20.2734,45.59,81,100,3.44
158,Vitry-Le-Francois,FR,2022-04-23 18:09:44,48.7333,4.5833,61.66,70,100,10.42
159,Shenjiamen,CN,2022-04-23 18:09:45,29.9576,122.298,59.02,99,100,9.17
160,Hithadhoo,MV,2022-04-23 18:09:45,-0.6,73.0833,85.28,71,82,10.51
161,Korgen,NO,2022-04-23 18:09:45,66.0771,13.8153,46.72,91,13,3.91
162,Svetlaya,RU,2022-04-23 18:09:46,46.5389,138.3297,37.49,93,86,1.59
163,Losinyy,RU,2022-04-23 18:09:46,57.1386,61.0666,37.15,71,63,6.29
164,Pisco,PE,2022-04-23 18:07:19,-13.7,-76.2167,64.45,88,75,9.22
165,Kisangani,CD,2022-04-23 18:09:47,0.5167,25.2,75.33,84,92,1.66
166,Jeremie,HT,2022-04-23 18:09:47,18.65,-74.1167,79.32,77,100,4.9
167,Sao Joao Da Barra,BR,2022-04-23 18:09:48,-21.6403,-41.0511,93.29,62,3,9.08
168,Bilma,NE,2022-04-23 18:09:48,18.6853,12.9164,97.56,11,3,9.53
169,La Ronge,CA,2022-04-23 18:09:49,55.1001,-105.2842,41.47,68,71,4.23
170,Tuatapere,NZ,2022-04-23 18:09:49,-46.1333,167.6833,52.11,90,100,11.52
171,Coihaique,CL,2022-04-23 18:09:08,-45.5752,-72.0662,43.41,87,100,5.75
172,Yonago,JP,2022-04-23 18:09:50,35.4333,133.3333,60.06,88,100,3.47
173,Ahipara,NZ,2022-04-23 18:09:50,-35.1667,173.1667,62.76,69,34,14.65
174,Cetraro,IT,2022-04-23 18:09:51,39.5166,15.9416,56.16,83,0,1.54
175,Barra Dos Coqueiros,BR,2022-04-23 18:09:51,-10.9089,-37.0386,86.02,70,40,10.36
176,Guaymas,MX,2022-04-23 18:09:52,27.9333,-110.9,79.88,50,0,12.66
177,Dzaoudzi,YT,2022-04-23 18:09:52,-12.7887,45.2699,84.09,79,40,12.66
178,Casa Nova,BR,2022-04-23 18:09:52,-9.4167,-41.1333,92.05,38,81,8.5
179,Ponta Do Sol,PT,2022-04-23 18:09:53,32.6667,-17.1,67.12,56,99,8.75
180,Carnarvon,AU,2022-04-23 18:06:09,-24.8667,113.6333,64.47,94,0,4.61
181,Lingsugur,IN,2022-04-23 18:09:11,16.1667,76.5167,90.57,26,16,7.14
182,Georgetown,MY,2022-04-23 18:10:54,5.4112,100.3354,84.13,79,20,2.3
183,Ambulu,ID,2022-04-23 18:10:54,-8.345,113.6058,76.46,91,100,3.04
184,Hoa Binh,VN,2022-04-23 18:10:54,20.8133,105.3383,75.42,95,24,2.75
185,Nabire,ID,2022-04-23 18:06:18,-3.3667,135.4833,75.42,90,98,2.84
186,Carutapera,BR,2022-04-23 18:10:55,-1.195,-46.02,77.58,93,94,1.99
187,Ugoofaaru,MV,2022-04-23 18:10:56,5.6667,73.0,84.74,74,97,9.06
188,Bridlington,GB,2022-04-23 18:10:56,54.0831,-0.1919,51.89,89,1,22.53
189,Perth,AU,2022-04-23 18:09:43,-31.9333,115.8333,64.58,57,0,18.41
190,Haines Junction,CA,2022-04-23 18:07:03,60.7522,-137.5108,37.29,73,68,1.34
191,Sidrolandia,BR,2022-04-23 18:10:57,-20.9319,-54.9614,83.07,54,39,10.29
192,Changji,CN,2022-04-23 18:10:57,44.0167,87.3167,66.99,27,0,8.95
193,Sabang,ID,2022-04-23 18:10:58,5.8933,95.3214,84.51,69,96,3.11
194,Tecoanapa,MX,2022-04-23 18:10:58,16.5167,-98.75,86.43,53,1,11.27
195,Lodja,CD,2022-04-23 18:10:59,-3.4833,23.4333,72.18,96,100,1.68
196,Coron,PH,2022-04-23 18:11:00,11.9986,120.2043,79.38,77,38,3.91
197,Tutoia,BR,2022-04-23 18:11:00,-2.7619,-42.2744,78.53,83,98,5.1
198,Codrington,AU,2022-04-23 18:11:00,-38.2667,141.9667,48.16,92,1,6.76
199,Bethel,US,2022-04-23 18:11:01,41.3712,-73.414,63.52,39,100,8.05
200,Doume,CM,2022-04-23 18:11:01,4.2333,13.45,75.6,79,68,2.06
201,Portland,US,2022-04-23 18:10:59,45.5234,-122.6762,58.35,75,0,5.99
202,Necochea,AR,2022-04-23 18:08:09,-38.5473,-58.7368,69.76,50,63,19.62
203,Ust-Tsilma,RU,2022-04-23 18:11:02,65.441,52.1498,30.9,94,100,4.14
204,Kruisfontein,ZA,2022-04-23 18:11:03,-34.0033,24.7314,59.88,89,94,1.41
205,Aykhal,RU,2022-04-23 18:11:03,66.0,111.5,2.21,100,81,3.87
206,Mirnyy,RU,2022-04-23 18:11:04,62.5353,113.9611,16.95,98,100,1.41
207,Los Llanos De Aridane,ES,2022-04-23 18:11:04,28.6585,-17.9182,62.35,79,75,8.01
208,Chuy,UY,2022-04-23 18:11:05,-33.6971,-53.4616,68.14,35,0,9.95
209,Mariental,NA,2022-04-23 18:11:05,-24.6333,17.9667,74.7,24,13,16.04
210,Alofi,NU,2022-04-23 18:11:06,-19.0595,-169.9187,78.67,77,28,6.04
211,Corralillo,CU,2022-04-23 18:11:06,22.9819,-80.5856,82.17,60,33,20.58
212,Poum,NC,2022-04-23 18:11:07,-20.2333,164.0167,76.1,74,77,9.62
213,Mount Gambier,AU,2022-04-23 18:07:55,-37.8333,140.7667,49.68,92,0,6.62
214,Inongo,CD,2022-04-23 18:11:07,-1.95,18.2667,74.16,92,100,6.55
215,Kourou,GF,2022-04-23 18:11:08,5.1552,-52.6478,84.25,88,98,5.28
216,Terney,RU,2022-04-23 18:11:08,45.0503,136.6092,41.23,78,93,13.13
217,Kjollefjord,NO,2022-04-23 18:11:09,70.9457,27.3465,41.05,96,100,16.55
218,Fukue,JP,2022-04-23 18:08:15,32.6881,128.8419,62.53,92,100,12.66
219,Doha,QA,2022-04-23 18:07:14,25.2867,51.5333,82.38,44,0,6.91
220,Dunedin,NZ,2022-04-23 18:11:10,-45.8742,170.5036,53.8,79,100,13.0
221,Storforshei,NO,2022-04-23 18:11:10,66.4043,14.5233,46.18,49,23,4.61
222,Nizwa,OM,2022-04-23 18:11:11,22.9333,57.5333,84.56,23,55,4.59
223,Sao Filipe,CV,2022-04-23 18:11:11,14.8961,-24.4956,75.18,73,4,7.31
224,Umm Lajj,SA,2022-04-23 18:11:12,25.0213,37.2685,79.14,66,3,1.66
225,Asau,RO,2022-04-23 18:11:12,46.4333,26.4,53.96,98,69,4.03
226,Ayan,RU,2022-04-23 18:11:13,56.45,138.1667,20.61,91,44,3.94
227,Raudeberg,NO,2022-04-23 18:11:13,61.9875,5.1352,52.47,77,51,11.74
228,Jiwani,PK,2022-04-23 18:12:14,25.05,61.7417,81.68,81,88,6.2
229,Hirado,JP,2022-04-23 18:12:14,33.3597,129.5531,60.39,91,100,10.07
230,Varhaug,NO,2022-04-23 18:12:15,58.6147,5.6457,54.79,74,97,9.55
231,Csanadpalota,HU,2022-04-23 18:12:15,46.25,20.7333,51.98,90,68,4.03
232,Katsuura,JP,2022-04-23 18:09:16,35.1333,140.3,65.71,81,100,9.35
233,Maceio,BR,2022-04-23 18:12:16,-9.6658,-35.7353,85.44,61,75,10.36
234,Luderitz,NA,2022-04-23 18:12:16,-26.6481,15.1594,58.82,75,0,26.28
235,Howard Springs,AU,2022-04-23 18:12:17,-12.497,131.047,80.51,76,100,2.84
236,Bloemfontein,ZA,2022-04-23 18:10:07,-29.1211,26.214,57.97,80,41,3.11
237,Achalpur,IN,2022-04-23 18:12:18,21.2572,77.5086,92.16,20,58,1.92
238,Tabou,CI,2022-04-23 18:12:18,4.423,-7.3528,82.45,76,80,7.34
239,Banmankhi,IN,2022-04-23 18:12:18,25.8833,87.1833,85.12,19,0,3.53
240,Ribeira Grande,PT,2022-04-23 18:12:19,38.5167,-28.7,61.2,59,40,18.41
241,Taltal,CL,2022-04-23 18:12:19,-25.4,-70.4833,65.39,75,26,5.68
242,San Vicente,AR,2022-04-23 18:12:20,-26.6167,-54.1333,72.25,53,72,4.36
243,Mount Isa,AU,2022-04-23 18:12:20,-20.7333,139.5,67.77,100,100,5.75
244,Laguna,US,2022-04-23 18:12:21,38.421,-121.4238,69.15,52,0,6.91
245,Clyde River,CA,2022-04-23 18:12:21,70.4692,-68.5914,6.48,76,9,2.62
246,Shache,CN,2022-04-23 18:08:08,38.4167,77.2406,68.29,27,21,8.14
247,Padang,ID,2022-04-23 18:12:22,-0.9492,100.3543,77.05,85,100,3.24
248,Boyolangu,ID,2022-04-23 18:12:23,-8.1181,111.8935,76.84,93,97,1.32
249,Namibe,AO,2022-04-23 18:12:23,-15.1961,12.1522,71.65,79,71,12.28
250,Evensk,RU,2022-04-23 18:12:23,61.95,159.2333,16.2,77,45,12.77
251,Craig,US,2022-04-23 18:12:24,40.5153,-107.5464,35.55,96,100,12.66
252,Male,MV,2022-04-23 18:10:02,4.1748,73.5089,85.95,74,20,10.36
253,Rio Grande,BR,2022-04-23 18:12:24,-32.035,-52.0986,71.71,43,0,12.08
254,Antalaha,MG,2022-04-23 18:12:25,-14.9003,50.2788,74.59,91,79,5.95
255,Tayoltita,MX,2022-04-23 18:12:25,24.0833,-105.9333,87.33,22,1,8.03
256,Dolores,AR,2022-04-23 18:12:26,-36.3132,-57.6792,74.91,28,9,17.45
257,Hokitika,NZ,2022-04-23 18:12:26,-42.7167,170.9667,54.55,86,97,8.39
258,Chapleau,CA,2022-04-23 18:12:27,47.8405,-83.4034,36.63,96,100,12.66
259,Fayaoue,NC,2022-04-23 18:12:27,-20.65,166.5333,77.7,66,17,19.42
260,Westport,US,2022-04-23 18:08:15,41.1415,-73.3579,64.11,47,100,9.22
261,Bubaque,GW,2022-04-23 18:12:28,11.2833,-15.8333,77.34,77,58,19.24
262,Umm Kaddadah,SD,2022-04-23 18:12:28,13.6017,26.6876,87.58,10,5,9.73
263,Ganzhou,CN,2022-04-23 18:12:28,28.8184,115.4327,69.69,91,24,1.28
264,Pennsville,US,2022-04-23 18:12:29,39.6535,-75.5166,64.62,46,100,11.5
265,Torbay,CA,2022-04-23 18:12:29,47.6666,-52.7314,40.75,82,97,4.0
266,Port Blair,IN,2022-04-23 18:12:30,11.6667,92.75,83.43,72,28,2.93
267,Gold Coast,AU,2022-04-23 18:08:29,-28.0,153.4333,64.99,92,75,10.36
268,Leua,SK,2022-04-23 18:12:30,48.2156,18.6071,55.44,87,98,4.38
269,Manicore,BR,2022-04-23 18:12:31,-5.8092,-61.3003,90.21,56,43,0.31
270,Saint-Joseph,RE,2022-04-23 18:12:32,-21.3667,55.6167,72.21,77,38,11.72
271,Sistranda,NO,2022-04-23 18:12:32,63.7256,8.834,55.36,82,70,15.43
272,Roswell,US,2022-04-23 18:12:32,34.0232,-84.3616,82.71,47,20,9.22
273,Rio Gallegos,AR,2022-04-23 18:12:33,-51.6226,-69.2181,46.45,87,100,9.22
274,Placido De Castro,BR,2022-04-23 18:13:34,-10.3353,-67.1856,91.22,46,75,5.5
275,Ponta Delgada,PT,2022-04-23 18:13:34,37.7333,-25.6667,57.92,77,75,16.11
276,Lebu,CL,2022-04-23 18:13:34,-37.6167,-73.65,58.06,73,35,7.38
277,Hirara,JP,2022-04-23 18:13:35,24.8,125.2833,76.89,93,73,15.12
278,Chokurdakh,RU,2022-04-23 18:13:35,70.6333,147.9167,-9.15,100,100,2.35
279,Beringovskiy,RU,2022-04-23 18:12:20,63.05,179.3167,21.18,96,100,2.75
280,Batsfjord,NO,2022-04-23 18:13:36,70.6345,29.7185,37.18,87,100,20.71
281,Bandarbeyla,SO,2022-04-23 18:13:36,9.4942,50.8122,82.83,75,4,9.6
282,Olovyannaya,RU,2022-04-23 18:13:37,50.95,115.5667,33.58,79,95,8.81
283,Avera,US,2022-04-23 18:13:37,33.194,-82.5271,79.38,50,11,9.78
284,Soyo,AO,2022-04-23 18:13:38,-6.1349,12.3689,80.15,84,61,4.74
285,Teguldet,RU,2022-04-23 18:13:38,57.3064,88.1667,14.67,97,90,1.88
286,Cape Town,ZA,2022-04-23 18:13:05,-33.9258,18.4232,59.34,64,4,11.99
287,Tessalit,ML,2022-04-23 18:13:39,20.1986,1.0114,92.41,5,42,13.2
288,San Carlos De Bariloche,AR,2022-04-23 18:13:39,-41.1456,-71.3082,44.35,81,75,33.38
289,Naze,JP,2022-04-23 18:13:40,28.3667,129.4833,71.51,92,100,12.62
290,San Patricio,US,2022-04-23 18:13:41,28.017,-97.5169,86.18,65,94,22.24
291,Green River,US,2022-04-23 18:13:41,41.5286,-109.4662,45.99,68,100,13.0
292,Vardo,NO,2022-04-23 18:13:42,70.3705,31.1107,37.99,91,100,18.03
293,Grindavik,IS,2022-04-23 18:13:42,63.8424,-22.4338,46.87,76,75,2.3
294,Rassvet,RU,2022-04-23 18:13:43,46.8333,40.75,54.7,84,58,0.67
295,Zhigansk,RU,2022-04-23 18:13:44,66.7697,123.3711,3.52,99,53,7.2
296,Tigil,RU,2022-04-23 18:13:44,57.8,158.6667,25.61,88,99,8.25
297,Schlitz,DE,2022-04-23 18:13:45,50.6742,9.561,57.79,62,99,10.71
298,Beloha,MG,2022-04-23 18:13:45,-25.1667,45.05,76.35,77,100,8.66
299,Hofn,IS,2022-04-23 18:13:46,64.2539,-15.2082,44.92,83,1,6.2
300,Taiobeiras,BR,2022-04-23 18:13:46,-15.8078,-42.2331,89.96,28,24,3.58
301,Safaga,EG,2022-04-23 18:13:47,26.7292,33.9365,77.63,48,0,2.82
302,Kon Tum,VN,2022-04-23 18:13:47,14.35,108.0,71.6,95,95,1.66
303,Havre-Saint-Pierre,CA,2022-04-23 18:13:48,50.2334,-63.5986,37.4,51,100,13.8
304,Suntar,RU,2022-04-23 18:13:48,62.1444,117.6319,20.25,96,94,2.3
305,Pato Branco,BR,2022-04-23 18:13:48,-26.2286,-52.6706,68.54,82,100,5.91
306,Lata,PT,2022-04-23 18:13:49,40.1629,-8.3327,58.91,66,44,8.32
307,Muros,ES,2022-04-23 18:13:49,42.7762,-9.0603,56.84,75,89,10.69
308,Qaqortoq,GL,2022-04-23 18:13:50,60.7167,-46.0333,35.62,99,100,4.63
309,Aswan,EG,2022-04-23 18:13:50,24.0934,32.907,84.58,7,0,10.51
310,Bo Rai,TH,2022-04-23 18:13:50,12.5728,102.5371,82.72,93,24,2.04
311,Tacna,PE,2022-04-23 18:13:51,-18.0056,-70.2483,70.0,56,0,6.91
312,Isangel,VU,2022-04-23 18:13:51,-19.55,169.2667,77.63,77,84,12.3
313,Norman Wells,CA,2022-04-23 18:13:52,65.282,-126.8329,32.04,55,0,13.8
314,Viedma,AR,2022-04-23 18:13:52,-40.8135,-62.9967,66.33,21,14,25.17
315,Huambo,AO,2022-04-23 18:13:53,-12.7761,15.7392,61.79,68,98,3.42
316,Karasjok,NO,2022-04-23 18:13:53,69.4719,25.5112,35.78,82,65,4.54
317,Port-Gentil,GA,2022-04-23 18:13:54,-0.7193,8.7815,80.56,89,40,6.91
318,Yerbogachen,RU,2022-04-23 18:13:54,61.2767,108.0108,21.47,95,99,3.62
319,Victoria Point,AU,2022-04-23 18:14:55,-27.5833,153.3,64.9,94,71,1.99
320,Korla,CN,2022-04-23 18:14:55,41.7597,86.1469,69.48,20,75,2.62
321,Makakilo City,US,2022-04-23 18:12:35,21.3469,-158.0858,75.52,72,40,11.5
322,Otradnoye,RU,2022-04-23 18:14:56,59.7775,30.8181,44.87,76,99,10.45
323,Yar-Sale,RU,2022-04-23 18:14:56,66.8333,70.8333,-5.78,100,61,5.26
324,Pervomayskiy,RU,2022-04-23 18:14:57,53.2485,40.2871,51.08,71,85,4.72
325,Mabaruma,GY,2022-04-23 18:14:57,8.2,-59.7833,85.42,59,69,7.65
326,Geraldton,AU,2022-04-23 18:14:58,-28.7667,114.6,70.21,40,36,20.71
327,Doba,TD,2022-04-23 18:14:59,8.65,16.85,94.19,28,70,3.33
328,Flinders,AU,2022-04-23 18:14:59,-34.5833,150.8552,56.25,90,14,3.0
329,Vangaindrano,MG,2022-04-23 18:14:59,-23.35,47.6,73.42,93,100,7.7
330,Cuiluan,CN,2022-04-23 18:15:00,47.72,128.648,36.59,95,73,16.22
331,Esna,EG,2022-04-23 18:15:00,25.2934,32.554,83.3,8,0,11.03
332,Jodar,ES,2022-04-23 18:10:17,37.8406,-3.3526,53.46,81,89,7.58
333,Buta,CD,2022-04-23 18:15:01,2.7858,24.73,77.2,69,65,1.25
334,Te Anau,NZ,2022-04-23 18:15:02,-45.4167,167.7167,50.63,92,100,4.29
335,Ancud,CL,2022-04-23 18:15:02,-41.8697,-73.8203,50.23,78,90,21.05
336,Husavik,IS,2022-04-23 18:15:03,66.0449,-17.3389,51.58,59,12,2.64
337,Senanga,ZM,2022-04-23 18:15:03,-16.1167,23.2667,70.21,54,56,2.39
338,Porlamar,VE,2022-04-23 18:15:03,10.958,-63.8491,81.37,69,12,12.84
339,Gamba,GA,2022-04-23 18:15:04,-2.65,10.0,78.33,87,98,2.44
340,Takoradi,GH,2022-04-23 18:15:05,4.8845,-1.7554,82.26,80,95,9.53
341,Faya,SA,2022-04-23 18:15:05,18.3851,42.4509,64.51,50,35,4.83
342,Nizhniy Baskunchak,RU,2022-04-23 18:15:06,48.2198,46.8311,50.88,81,45,7.14
343,Spencer,US,2022-04-23 18:15:06,43.1414,-95.1444,75.31,57,75,32.21
344,Xihe,CN,2022-04-23 18:15:07,31.6864,113.4659,66.61,87,19,3.71
345,Shingu,JP,2022-04-23 18:15:08,33.7333,135.9833,61.95,89,100,3.8
346,Olafsvik,IS,2022-04-23 18:15:08,64.8945,-23.7142,46.18,85,45,4.36
347,Inhambane,MZ,2022-04-23 18:15:09,-23.865,35.3833,73.92,85,27,5.14
348,Bathsheba,BB,2022-04-23 18:15:09,13.2167,-59.5167,84.81,61,40,14.97
349,Saint George,US,2022-04-23 18:15:10,37.1041,-113.5841,62.8,38,0,1.99
350,Portree,GB,2022-04-23 18:15:10,57.4129,-6.1942,51.53,78,1,9.28
351,Belmonte,BR,2022-04-23 18:15:11,-15.8631,-38.8828,83.64,67,77,7.16
352,Peleduy,RU,2022-04-23 18:15:12,59.6289,112.7406,22.87,98,100,1.77
353,Sorland,NO,2022-04-23 18:15:12,67.667,12.6934,41.61,81,13,7.63
354,Aklavik,CA,2022-04-23 18:15:13,68.2191,-135.0107,26.6,54,0,8.05
355,Amapa,BR,2022-04-23 18:15:13,1.0,-52.0,73.99,95,100,2.57
356,San Quintin,MX,2022-04-23 18:11:41,30.4833,-115.95,62.46,57,1,11.99
357,Manacapuru,BR,2022-04-23 18:15:14,-3.2997,-60.6206,85.35,69,76,1.28
358,Khash,IR,2022-04-23 18:15:14,28.2211,61.2158,71.56,13,20,6.44
359,Nouadhibou,MR,2022-04-23 18:15:14,20.931,-17.0347,71.58,56,9,19.57
360,Tilichiki,RU,2022-04-23 18:15:15,60.4667,166.1,13.64,95,100,7.94
361,Kulhudhuffushi,MV,2022-04-23 18:15:15,6.6221,73.07,84.58,72,98,6.2
362,Humenne,SK,2022-04-23 18:15:16,48.9371,21.9163,51.42,75,35,4.0
363,Stornoway,GB,2022-04-23 18:15:16,58.2093,-6.3865,48.92,83,40,18.41
364,Wenling,CN,2022-04-23 18:15:17,28.3669,121.36,64.65,99,95,4.76
365,Inta,RU,2022-04-23 18:15:18,66.0317,60.1659,8.38,95,18,5.77
366,Anadyr,RU,2022-04-23 18:15:18,64.75,177.4833,25.3,92,20,6.71
367,Yeppoon,AU,2022-04-23 18:15:19,-23.1333,150.7333,67.78,81,89,21.05
368,Eureka,US,2022-04-23 18:13:20,40.8021,-124.1637,53.2,83,27,4.0
369,Tiksi,RU,2022-04-23 18:16:19,71.6872,128.8694,1.36,100,100,3.24
370,Maragogi,BR,2022-04-23 18:16:20,-9.0122,-35.2225,83.35,73,99,9.55
371,Kautokeino,NO,2022-04-23 18:16:20,69.0125,23.0412,30.0,92,56,2.89
372,Champerico,GT,2022-04-23 18:16:21,14.3,-91.9167,91.94,59,6,9.08
373,Thinadhoo,MV,2022-04-23 18:16:21,0.5333,72.9333,85.03,73,58,11.56
374,Sinnamary,GF,2022-04-23 18:16:22,5.3833,-52.95,78.39,87,98,5.3
375,Palkino,RU,2022-04-23 18:16:22,57.5409,28.0126,55.15,65,100,10.11
376,Sur,OM,2022-04-23 18:16:23,22.5667,59.5289,86.79,45,16,8.32
377,Vao,NC,2022-04-23 18:16:23,-22.6667,167.4833,74.84,75,64,24.11
378,Ilulissat,GL,2022-04-23 18:16:24,69.2167,-51.1,26.62,93,75,8.05
379,Souillac,MU,2022-04-23 18:16:24,-20.5167,57.5167,77.38,69,75,17.27
380,Leningradskiy,RU,2022-04-23 18:16:25,69.3833,178.4167,18.52,96,100,2.28
381,Petropavlovsk-Kamchatskiy,RU,2022-04-23 18:16:25,53.0452,158.6483,30.79,100,100,2.24
382,Bugko,PH,2022-04-23 18:16:26,12.5356,124.7923,77.81,91,63,4.43
383,Abu Samrah,SY,2022-04-23 18:16:26,35.3029,37.1841,76.59,16,21,9.86
384,Kamsack,CA,2022-04-23 18:16:27,51.5667,-101.9009,34.12,99,100,19.93
385,Chaoyang,CN,2022-04-23 18:16:27,41.5703,120.4586,57.94,30,29,6.35
386,Japura,ID,2022-04-23 18:16:28,-0.3167,102.35,75.13,98,95,1.23
387,Salym,RU,2022-04-23 18:16:28,60.0625,71.4789,14.54,97,81,2.21
388,Oskaloosa,US,2022-04-23 18:16:29,41.2964,-92.6444,78.82,44,75,29.93
389,Palmas,BR,2022-04-23 18:16:29,-10.2128,-48.3603,87.67,62,40,4.61
390,Camopi,GF,2022-04-23 18:16:30,3.1655,-52.3158,75.97,90,100,1.74
391,Coquimbo,CL,2022-04-23 18:16:30,-29.9533,-71.3436,58.73,88,75,16.11
392,Patancheru,IN,2022-04-23 18:16:30,17.5314,78.265,83.26,35,36,4.36
393,Fort Nelson,CA,2022-04-23 18:16:31,58.8053,-122.7002,47.79,46,75,12.66
394,Quelimane,MZ,2022-04-23 18:16:31,-17.8786,36.8883,73.35,100,75,5.75
395,Ubinskoye,RU,2022-04-23 18:16:32,55.3068,79.6802,22.59,54,56,11.23
396,Lagos,NG,2022-04-23 18:16:32,6.5833,3.75,81.57,80,66,7.4
397,Iberia,US,2022-04-23 18:16:33,29.9502,-91.7507,82.96,57,75,21.85
398,Sile,TR,2022-04-23 18:16:33,41.1754,29.6133,65.07,55,6,5.57
399,Banjar,ID,2022-04-23 18:16:33,-8.19,114.9675,78.13,90,54,2.75
400,Hasaki,JP,2022-04-23 18:16:34,35.7333,140.8333,63.0,74,100,14.72
401,Kissidougou,GN,2022-04-23 18:16:34,9.1848,-10.0999,79.3,68,90,3.0
402,Gilbues,BR,2022-04-23 18:16:35,-9.8317,-45.3439,86.02,47,98,3.85
403,Nanortalik,GL,2022-04-23 18:16:35,60.1432,-45.2371,35.33,98,100,3.98
404,Xiantao,CN,2022-04-23 18:16:36,30.3833,113.4,69.13,84,13,5.01
405,Sao Pedro,BR,2022-04-23 18:16:36,-22.5486,-47.9139,76.84,55,84,11.1
406,Jalu,LY,2022-04-23 18:16:37,29.0331,21.5482,79.95,24,0,21.03
407,Maneadero,MX,2022-04-23 18:16:37,31.7167,-116.5667,65.1,65,1,4.0
408,Cairns,AU,2022-04-23 18:16:37,-16.9167,145.7667,76.95,83,100,10.36
409,Yaya,RU,2022-04-23 18:16:38,56.206,86.44,26.53,63,100,1.03
410,Grand Gaube,MU,2022-04-23 18:16:38,-20.0064,57.6608,77.4,71,47,7.0
411,Nizhneangarsk,RU,2022-04-23 18:16:39,55.7833,109.55,17.47,76,83,6.96
412,Dali,CN,2022-04-23 18:16:39,25.7,100.1833,57.61,86,7,5.75
413,Ust-Ilimsk,RU,2022-04-23 18:17:40,58.0006,102.6619,22.82,93,100,8.84
414,Alexandria,EG,2022-04-23 18:17:40,31.2156,29.9553,65.05,73,11,10.74
415,Port Shepstone,ZA,2022-04-23 18:17:40,-30.7414,30.455,67.95,86,97,7.29
416,Zeya,RU,2022-04-23 18:17:41,53.75,127.2667,27.9,89,37,6.11
417,Port Augusta,AU,2022-04-23 18:17:42,-32.5,137.7667,64.22,67,13,4.45
418,Tanabe,JP,2022-04-23 18:17:42,33.7333,135.3667,62.38,96,100,3.91
419,Salekhard,RU,2022-04-23 18:17:43,66.53,66.6019,-7.49,99,11,4.65
420,Porkhov,RU,2022-04-23 18:17:43,57.765,29.5561,48.92,72,99,8.28
421,Quatre Cocos,MU,2022-04-23 18:17:44,-20.2078,57.7625,77.11,64,42,19.22
422,Saravan,AM,2022-04-23 18:17:44,39.7196,45.6483,50.29,57,1,7.43
423,Moose Factory,CA,2022-04-23 18:17:45,51.2585,-80.6094,32.0,64,0,19.57
424,Linden,GY,2022-04-23 18:17:45,6.0,-58.3,83.88,74,92,3.67
425,Joura,IN,2022-04-23 18:17:46,26.3411,77.8115,90.81,13,4,1.9
426,Rawson,AR,2022-04-23 18:17:46,-43.3002,-65.1023,63.52,27,33,41.38
427,Dalbandin,PK,2022-04-23 18:17:47,28.8947,64.4101,85.01,13,100,15.48
428,Kloulklubed,PW,2022-04-23 18:17:47,7.0419,134.2556,75.7,72,89,6.11
429,Jutai,BR,2022-04-23 18:17:48,-5.1833,-68.9,88.05,61,77,5.44
430,Bushehr,IR,2022-04-23 18:17:48,28.9684,50.8385,73.49,60,0,4.61
431,Denpasar,ID,2022-04-23 18:17:49,-8.65,115.2167,82.06,88,20,6.91
432,Siva,EG,2022-04-23 18:17:49,29.2041,25.5195,78.01,14,92,5.73
433,Sumbuya,SL,2022-04-23 18:17:49,7.6467,-11.9611,87.64,59,56,8.88
434,Wainwright,CA,2022-04-23 18:15:09,52.839,-110.8572,45.36,59,46,7.25
435,Touros,BR,2022-04-23 18:15:02,-5.1989,-35.4608,79.52,85,100,12.62
436,Keti Bandar,PK,2022-04-23 18:17:50,24.1447,67.4497,81.93,75,96,14.16
437,Katherine,AU,2022-04-23 18:17:51,-14.4667,132.2667,79.12,41,99,10.36
438,Porto Torres,IT,2022-04-23 18:17:27,40.835,8.3972,60.98,79,71,13.49
439,Hami,CN,2022-04-23 18:17:52,42.8,93.45,67.01,23,7,10.09
440,Bac Lieu,VN,2022-04-23 18:17:52,9.285,105.7244,82.49,77,7,8.68
441,Margate,GB,2022-04-23 18:17:53,51.3813,1.3862,55.11,81,91,8.99
442,Novoorsk,RU,2022-04-23 18:17:53,51.381,58.9813,48.85,66,100,3.49
443,Santo Antonio Do Ica,BR,2022-04-23 18:17:54,-3.1022,-67.9397,86.85,69,91,2.42
444,Carman,CA,2022-04-23 18:15:13,49.4992,-98.0016,34.9,100,100,17.27
445,Moskovskiy,RU,2022-04-23 18:17:54,55.5991,37.355,53.69,52,0,4.47
446,Erzin,TR,2022-04-23 18:17:55,36.9559,36.2,73.15,33,3,7.54
447,Poshekhonye,RU,2022-04-23 18:17:55,58.4993,39.1353,43.9,88,85,7.61
448,Ust-Nera,RU,2022-04-23 18:17:56,64.5667,143.2,2.01,100,85,4.41
449,Sangar,RU,2022-04-23 18:17:56,63.9242,127.4739,1.99,99,88,1.36
450,Tautira,PF,2022-04-23 18:17:57,-17.7333,-149.15,78.22,79,100,8.84
451,Cabra,ES,2022-04-23 18:17:57,37.4725,-4.4421,51.87,86,99,13.82
452,Yelatma,RU,2022-04-23 18:17:58,54.9675,41.7508,48.38,70,57,4.56
453,Pangoa,PE,2022-04-23 18:17:58,-12.1167,-73.0,75.97,93,87,2.68
454,Gizo,SB,2022-04-23 18:17:59,-8.103,156.8419,81.52,79,99,8.59
455,Liyang,CN,2022-04-23 18:17:59,29.7057,118.2862,63.75,97,41,0.63
456,Amarante Do Maranhao,BR,2022-04-23 18:18:00,-5.5667,-46.7422,78.21,89,94,2.93
457,Cap Malheureux,MU,2022-04-23 18:19:00,-19.9842,57.6142,76.46,71,47,7.0
458,Bergen,NO,2022-04-23 18:15:15,60.392,5.328,57.61,44,20,8.05
459,Albertville,US,2022-04-23 18:19:01,34.2676,-86.2089,82.45,43,0,4.61
460,Honiara,SB,2022-04-23 18:16:24,-9.4333,159.95,77.58,88,73,3.2
461,Razam,IN,2022-04-23 18:19:02,18.4667,83.6667,83.7,70,88,8.9
462,Batagay-Alyta,RU,2022-04-23 18:19:02,67.8006,130.4114,2.1,98,99,4.61
463,Klaksvik,FO,2022-04-23 18:19:03,62.2266,-6.589,45.52,81,100,19.89
464,Ventspils,LV,2022-04-23 18:19:03,57.3894,21.5606,55.33,47,0,9.22
465,Louga,RU,2022-04-23 18:19:04,58.7372,29.8453,45.21,88,81,10.58
466,Mangrol,IN,2022-04-23 18:19:04,21.1167,70.1167,83.17,62,0,12.44
467,Chinsali,ZM,2022-04-23 18:19:05,-10.5414,32.0816,63.7,94,59,6.55
468,Beisfjord,NO,2022-04-23 18:19:05,68.3751,17.5988,44.65,78,13,0.83
469,Jinhua,CN,2022-04-23 18:19:06,29.1078,119.6547,65.75,95,86,2.33
470,Praya,CV,2022-04-23 18:16:00,14.9215,-23.5087,82.94,39,0,21.85
471,Myaundzha,RU,2022-04-23 18:19:06,63.0494,147.1858,-0.76,100,87,3.11
472,Salinopolis,BR,2022-04-23 18:19:07,-0.6136,-47.3561,74.55,94,100,7.78
473,Santa Ana,US,2022-04-23 18:19:07,33.7456,-117.8678,72.93,53,0,4.61
474,Auki,SB,2022-04-23 18:15:20,-8.7676,160.7034,76.28,85,60,3.38
475,Tatarsk,RU,2022-04-23 18:19:08,55.219,75.9828,23.9,55,39,9.73
476,San Cristobal,VE,2022-04-23 18:19:08,7.7669,-72.225,77.18,74,64,1.23
477,Valparaiso,CL,2022-04-23 18:19:09,-33.0393,-71.6273,75.43,49,0,11.5
478,Sarangani,PH,2022-04-23 18:19:09,5.4033,125.4636,82.67,73,100,11.54
479,Dabrowa Tarnowska,PL,2022-04-23 18:19:10,50.1746,20.9863,47.68,81,77,3.69
480,Mango,US,2022-04-23 18:19:11,27.9797,-82.3065,87.15,58,75,6.91
481,Tazovskiy,RU,2022-04-23 18:19:11,67.4667,78.7,-0.87,100,95,6.15
482,Praia,CV,2022-04-23 18:19:12,14.9215,-23.5087,82.94,39,0,21.85
483,Lagoa,PT,2022-04-23 18:19:12,39.05,-27.9833,57.18,61,67,24.58
484,Yaan,NG,2022-04-23 18:19:13,7.3833,8.5667,92.95,40,23,7.07
485,Aysha,RU,2022-04-23 18:19:13,55.8704,48.6319,44.46,66,46,3.74
486,Banff,CA,2022-04-23 18:19:14,51.1762,-115.5698,43.83,65,20,2.3
487,Aasiaat,GL,2022-04-23 18:19:14,68.7098,-52.8699,27.88,82,100,4.41
488,Odienne,CI,2022-04-23 18:19:15,9.51,-7.5692,83.64,55,100,4.0
489,Olga,RU,2022-04-23 18:19:15,43.7444,135.2892,45.68,63,100,14.7
490,Jiujiang,CN,2022-04-23 18:19:15,29.7333,115.9833,69.6,82,0,3.09
491,Birpur,IN,2022-04-23 18:19:16,26.5167,87.0167,82.49,32,0,7.49
492,Marsh Harbour,BS,2022-04-23 18:19:17,26.5412,-77.0636,74.43,65,14,19.42
493,Libertador General San Martin,AR,2022-04-23 18:19:17,-23.8064,-64.7876,69.98,83,99,4.12
494,Nemuro,JP,2022-04-23 18:19:17,43.3236,145.575,38.62,77,1,9.04
495,Osmanabad,IN,2022-04-23 18:16:13,18.1667,76.05,87.87,35,66,5.17
496,Natchitoches,US,2022-04-23 18:17:15,31.7668,-93.1335,83.25,57,75,12.66
497,Mahebourg,MU,2022-04-23 18:19:18,-20.4081,57.7,77.29,69,75,17.27
498,Pochutla,MX,2022-04-23 18:19:19,15.7432,-96.4661,90.82,43,4,9.73
499,Thessalon,CA,2022-04-23 18:15:17,46.2501,-83.5666,44.89,95,100,18.41
500,Nokia,FI,2022-04-23 18:19:19,61.4667,23.5,43.02,50,0,11.5
501,Tual,ID,2022-04-23 18:19:20,-5.6667,132.75,83.7,69,67,5.37
502,Pozo Colorado,PY,2022-04-23 18:19:21,-23.4923,-58.7972,88.12,50,79,3.87
503,Bilokurakyne,UA,2022-04-23 18:19:21,49.5341,38.7307,55.08,63,100,6.38
504,Buala,SB,2022-04-23 18:20:22,-8.145,159.5921,79.39,82,77,3.24
505,Kibaya,TZ,2022-04-23 18:20:22,-5.3,36.5667,60.37,92,92,3.56
506,Barra Patuca,HN,2022-04-23 18:20:23,15.8,-84.2833,83.14,67,49,6.62
507,Banapur,IN,2022-04-23 18:20:23,19.7833,85.1833,83.12,74,81,9.84
508,Shemonaikha,KZ,2022-04-23 18:20:23,50.6328,81.9056,35.91,52,3,2.55
509,Kieta,PG,2022-04-23 18:20:24,-6.2167,155.6333,80.01,80,100,3.18
510,Yanam,IN,2022-04-23 18:20:24,16.7333,82.2167,80.94,85,77,4.12
511,Conde,BR,2022-04-23 18:20:25,-7.2597,-34.9075,81.86,89,75,8.05
512,Berlevag,NO,2022-04-23 18:20:26,70.8578,29.0864,37.2,92,100,18.84
513,Pleshanovo,RU,2022-04-23 18:20:26,52.8333,53.4833,42.78,76,98,9.82
514,Andapa,MG,2022-04-23 18:20:27,-14.65,49.65,68.27,99,88,1.19
515,Mackay,AU,2022-04-23 18:20:26,-21.15,149.2,72.68,81,91,22.35
516,Khorixas,NA,2022-04-23 18:20:27,-20.3667,14.9667,74.62,39,9,14.72
517,Sogamoso,CO,2022-04-23 18:20:28,5.7143,-72.9339,64.29,75,85,2.37
518,Hosakote,IN,2022-04-23 18:20:28,14.2769,77.1699,86.09,31,78,7.02
519,Busembatia,UG,2022-04-23 18:20:29,0.7697,33.6131,65.14,95,86,6.64
520,Namatanai,PG,2022-04-23 18:20:29,-3.6667,152.4333,79.12,82,92,6.51
521,Bousse,BF,2022-04-23 18:20:30,12.6606,-1.8922,101.84,9,86,9.4
522,Romitan,UZ,2022-04-23 18:20:30,39.9343,64.3814,67.95,68,0,6.91
523,Nishihara,JP,2022-04-23 18:20:30,26.1842,127.7558,75.25,100,75,9.22
524,Byron Bay,AU,2022-04-23 18:20:31,-28.65,153.6167,62.94,84,97,10.67
525,Bhachau,IN,2022-04-23 18:20:31,23.2833,70.35,85.5,27,1,9.82
526,Mayahi,NE,2022-04-23 18:20:32,13.9553,7.6712,98.76,14,41,5.68
527,Whitehorse,CA,2022-04-23 18:20:32,60.7161,-135.0538,44.02,56,75,11.5
528,Kharp,RU,2022-04-23 18:20:33,66.8014,65.8081,-2.24,92,43,6.69
529,Tungor,RU,2022-04-23 18:20:33,53.3808,142.9564,17.11,98,47,4.54
530,Burley,US,2022-04-23 18:20:33,42.5357,-113.7928,49.3,43,0,16.11
531,Kuito,AO,2022-04-23 18:20:34,-12.3833,16.9333,61.61,70,98,3.06
532,Maralal,KE,2022-04-23 18:17:13,1.0968,36.698,62.47,79,99,7.05
533,Taoudenni,ML,2022-04-23 18:20:35,22.6783,-3.9836,91.15,8,17,13.53
534,Merauke,ID,2022-04-23 18:20:35,-8.4667,140.3333,80.06,82,100,5.5
535,Montepuez,MZ,2022-04-23 18:20:36,-13.1256,38.9997,69.64,95,27,0.43
536,Cafarnaum,BR,2022-04-23 18:20:36,-11.6936,-41.4683,86.88,35,45,9.04
537,Daru,PG,2022-04-23 18:20:37,-9.0763,143.2092,77.65,88,100,6.17
538,Palin,GT,2022-04-23 18:20:37,14.4056,-90.6983,80.98,51,22,5.75
539,Natal,BR,2022-04-23 18:20:38,-5.795,-35.2094,74.05,100,100,9.22
540,Bhaderwah,IN,2022-04-23 18:20:39,32.9784,75.7186,50.58,85,66,2.53
541,Moron,AR,2022-04-23 18:20:40,-34.6534,-58.6198,73.02,47,4,9.98
542,Yambio,SS,2022-04-23 18:20:40,4.5721,28.3955,72.01,87,92,3.78
543,Anori,BR,2022-04-23 18:20:41,-3.7728,-61.6442,82.74,87,58,3.8
544,Guaratinga,BR,2022-04-23 18:20:41,-16.5667,-39.5667,91.92,39,37,7.7
545,Paamiut,GL,2022-04-23 18:20:42,61.994,-49.6678,32.07,95,100,10.49
546,Demirci,TR,2022-04-23 18:20:42,39.0461,28.6589,59.04,46,20,2.84
547,Oranjemund,NA,2022-04-23 18:20:43,-28.55,16.4333,56.25,85,2,17.56
548,Saint-Georges,GD,2022-04-23 18:18:29,12.0564,-61.7485,82.08,69,40,25.32
549,Cravo Norte,CO,2022-04-23 18:20:43,6.3017,-70.2041,89.53,48,65,6.73
550,Bataipora,BR,2022-04-23 18:20:44,-22.2953,-53.2711,78.15,78,100,4.32
551,Plettenberg Bay,ZA,2022-04-23 18:20:44,-34.0527,23.3716,61.48,84,94,2.84
552,Penarroya-Pueblonuevo,ES,2022-04-23 18:20:45,38.3,-5.2667,55.45,74,100,9.08
553,Saldanha,ZA,2022-04-23 18:20:45,-33.0117,17.9442,55.45,71,0,23.62
554,Saint Anthony,US,2022-04-23 18:21:46,45.0205,-93.218,70.79,73,100,29.93
555,Ukiah,US,2022-04-23 18:20:19,39.1502,-123.2078,64.36,65,0,3.0
556,Comodoro Rivadavia,AR,2022-04-23 18:21:47,-45.8667,-67.5,60.66,36,20,40.29
557,Ekhinos,GR,2022-04-23 18:21:47,41.2833,24.9667,55.8,88,18,1.74
558,Kathmandu,NP,2022-04-23 18:19:13,27.7167,85.3167,66.42,63,20,3.44
559,Saint-Leu,RE,2022-04-23 18:21:48,-21.15,55.2833,74.32,74,88,1.61
560,Betsiamites,CA,2022-04-23 18:21:48,48.9413,-68.646,37.49,46,31,16.08
561,Vorontsovka,RU,2022-04-23 18:21:49,50.6132,40.3549,52.77,66,93,3.76
562,Rapid Valley,US,2022-04-23 18:21:49,44.0625,-103.1463,33.62,92,100,46.04
563,Amga,RU,2022-04-23 18:21:50,60.8953,131.9608,23.7,96,100,1.16
564,Marienburg,PL,2022-04-23 18:21:50,54.0359,19.0266,50.58,90,12,8.93
565,Peniche,PT,2022-04-23 18:21:50,39.3558,-9.3811,60.3,82,4,12.06
566,Luau,AO,2022-04-23 18:21:51,-10.7073,22.2247,66.65,89,87,1.12
567,Saint-Michel-Des-Saints,CA,2022-04-23 18:21:51,46.6834,-73.9159,42.94,55,100,5.21
568,Waingapu,ID,2022-04-23 18:21:52,-9.6567,120.2641,77.85,86,31,6.26
569,Launceston,AU,2022-04-23 18:21:53,-41.45,147.1667,44.15,93,13,0.0
570,Huntsville,US,2022-04-23 18:20:44,34.7304,-86.5861,82.26,46,0,13.8
571,Pangnirtung,CA,2022-04-23 18:21:53,66.1451,-65.7125,10.4,72,0,4.61
572,Micheweni,TZ,2022-04-23 18:21:54,-4.9667,39.8333,81.84,79,28,8.25
573,Sobolevo,RU,2022-04-23 18:21:54,54.4299,31.8996,46.09,90,100,13.29
574,Hovd,MN,2022-04-23 18:21:55,48.0056,91.6419,46.13,41,23,4.21
575,Fairbanks,US,2022-04-23 18:19:25,64.8378,-147.7164,43.61,44,0,4.61
576,Honningsvag,NO,2022-04-23 18:21:55,70.9821,25.9704,40.75,87,100,17.27
577,Providencia,MX,2022-04-23 18:21:56,28.7167,-111.5833,83.21,33,0,9.31
578,Cockburn Town,TC,2022-04-23 18:21:56,21.4612,-71.1419,77.81,71,100,18.1
579,Alta Floresta,BR,2022-04-23 18:21:57,-9.8756,-56.0861,91.22,58,40,3.44
580,Corinto,GR,2022-04-23 18:21:57,37.9407,22.9573,65.41,65,40,4.03
581,Bulembu,SZ,2022-04-23 18:21:58,-25.9667,31.1333,58.84,97,41,0.74
582,Mitsamiouli,KM,2022-04-23 18:21:59,-11.3847,43.2844,81.46,75,100,11.56
583,Yatou,CN,2022-04-23 18:21:59,37.15,122.3833,48.09,95,0,9.33
584,Palana,RU,2022-04-23 18:20:51,59.1167,159.9667,18.03,87,99,6.33
585,Panji,ID,2022-04-23 18:22:00,-7.7253,114.0995,75.79,90,94,3.96
586,Tambovka,RU,2022-04-23 18:22:01,50.0969,128.0489,39.67,65,100,20.74
587,Plouzane,FR,2022-04-23 18:22:01,48.3833,-4.6167,57.25,74,0,12.66
588,Liuli,TZ,2022-04-23 18:22:02,-11.0833,34.6333,76.06,81,21,7.47
589,Tocopilla,CL,2022-04-23 18:22:03,-22.092,-70.1979,69.76,68,23,4.61
590,Corn Island,NI,2022-04-23 18:22:03,12.1694,-83.0418,79.92,79,56,9.73
591,Baixa Grande,BR,2022-04-23 18:22:04,-11.9597,-40.1681,89.13,38,38,8.52
592,Vanavara,RU,2022-04-23 18:22:04,60.34,102.2797,21.92,94,20,2.82
